<?xml version="1.0" encoding="utf-8" ?>
<Defs>

  <IncidentDef>
    <defName>NPC_DiploChange</defName>
    <label>npcdiplochange</label>
    <category>Misc</category>
    <targetTags>
      <li>World</li>
    </targetTags>
    <workerClass>DynamicDiplomacy.IncidentWorker_NPCDiploChange</workerClass>
    <baseChance>0</baseChance>
  </IncidentDef>

  <IncidentDef>
    <defName>NPC_Conquest</defName>
    <label>npcconquest</label>
    <category>Misc</category>
    <targetTags>
      <li>World</li>
    </targetTags>
    <workerClass>DynamicDiplomacy.IncidentWorker_NPCConquest</workerClass>
    <baseChance>0</baseChance>
  </IncidentDef>

  <IncidentDef>
    <defName>NPC_Expansion</defName>
    <label>npcexpansion</label>
    <category>Misc</category>
    <targetTags>
      <li>World</li>
    </targetTags>
    <workerClass>DynamicDiplomacy.IncidentWorker_NPCExpansion</workerClass>
    <baseChance>0</baseChance>
  </IncidentDef>

  <IncidentDef>
    <defName>NPC_Convert</defName>
    <label>npcconvert</label>
    <category>Misc</category>
    <targetTags>
      <li>World</li>
    </targetTags>
    <workerClass>DynamicDiplomacy.IncidentWorker_NPCConvert</workerClass>
    <baseChance>0</baseChance>
  </IncidentDef>

</Defs>
