<?xml version="1.0" encoding="utf-8" ?>
<Patch>
	<Operation Class="PatchOperationAdd">
		<xpath>Defs/StorytellerDef[@Name="BaseStoryteller"]/comps</xpath>
		<value>
					<li Class="StorytellerCompProperties_OnOffCycle">
		        <incident>NPC_DiploChange</incident>
		        <onDays>60</onDays>
		        <offDays>0.1</offDays>
		        <minSpacingDays>5</minSpacingDays>
		        <numIncidentsRange>2~4</numIncidentsRange>
		      </li>
					<li Class="StorytellerCompProperties_OnOffCycle">
		        <incident>NPC_Conquest</incident>
		        <onDays>60</onDays>
		        <offDays>0.1</offDays>
		        <minSpacingDays>0.5</minSpacingDays>
		        <numIncidentsRange>3~5</numIncidentsRange>
		      </li>
		</value>
	</Operation>
</Patch>
