<Defs>

  <GameConditionDef>
    <defName>GenerateHistory</defName>
    <conditionClass>DynamicDiplomacy.GameCondition_GenerateHistory</conditionClass>
    <label>History Generation</label>
    <description>Dynamic Diplomacy event will trigger in high frequency for predetermined hours, creating a unique world. If conquest is enabled, will use distance-based algorithm regardless of the settings.\n\nHistory Generation cause significant lag so recommendation is to wait for this to finish on 'World' screen before playing.</description>
    <endMessage>History generaton completed</endMessage>
    <canBePermanent>true</canBePermanent>
  </GameConditionDef>

</Defs>
