<?xml version="1.0" encoding="utf-8" ?>
<Patch>
	<Operation Class="PatchOperationAdd">
		<xpath>Defs/StorytellerDef[@Name="BaseStoryteller"]/comps</xpath>
		<value>
					<li Class="StorytellerCompProperties_OnOffCycle">
		        <incident>NPC_DiploChange</incident>
		        <onDays>60</onDays>
		        <offDays>0.1</offDays>
		        <minSpacingDays>5</minSpacingDays>
		        <numIncidentsRange>2~4</numIncidentsRange>
		      </li>
					<li Class="StorytellerCompProperties_OnOffCycle">
		        <incident>NPC_Conquest</incident>
		        <onDays>60</onDays>
		        <offDays>0.1</offDays>
		        <minSpacingDays>0.5</minSpacingDays>
		        <numIncidentsRange>3~5</numIncidentsRange>
		      </li>
					<li Class="StorytellerCompProperties_OnOffCycle">
		        <incident>NPC_Expansion</incident>
		        <onDays>60</onDays>
		        <offDays>0.1</offDays>
		        <minSpacingDays>15</minSpacingDays>
		        <numIncidentsRange>1~2</numIncidentsRange>
		      </li>
					<li Class="StorytellerCompProperties_OnOffCycle">
						<incident>NPC_Convert</incident>
						<onDays>120</onDays>
						<offDays>0.1</offDays>
						<minSpacingDays>30</minSpacingDays>
						<numIncidentsRange>1~2</numIncidentsRange>
					</li>
		</value>
	</Operation>

	<!-- Perry Persistant Compatibility -->
	<Operation Class="PatchOperationFindMod">
		<mods>
				<li>Vanilla Storytellers Expanded - Perry Persistent</li>
		</mods>
		<match Class="PatchOperationAdd">
			<xpath>Defs/StorytellerDef[@Name="VSE_BaseStorytellerDoublePopulation"]/comps</xpath>
			<value>
						<li Class="StorytellerCompProperties_OnOffCycle">
							<incident>NPC_DiploChange</incident>
							<onDays>60</onDays>
							<offDays>0.1</offDays>
							<minSpacingDays>5</minSpacingDays>
							<numIncidentsRange>2~4</numIncidentsRange>
						</li>
						<li Class="StorytellerCompProperties_OnOffCycle">
							<incident>NPC_Conquest</incident>
							<onDays>60</onDays>
							<offDays>0.1</offDays>
							<minSpacingDays>0.5</minSpacingDays>
							<numIncidentsRange>3~5</numIncidentsRange>
						</li>
						<li Class="StorytellerCompProperties_OnOffCycle">
							<incident>NPC_Expansion</incident>
							<onDays>60</onDays>
							<offDays>0.1</offDays>
							<minSpacingDays>15</minSpacingDays>
							<numIncidentsRange>1~2</numIncidentsRange>
						</li>
			</value>
		</match>
	</Operation>

	<!-- RimQuest Compatibility -->
	<Operation Class="PatchOperationConditional">
    <xpath>/Defs/JobDef[defName="RQ_QuestWithPawn"]</xpath>
    <success>Always</success>
    <match Class="PatchOperationAddModExtension">
      <xpath>/Defs/IncidentDef[defName="NPC_DiploChange"]</xpath>
      <value>
        <li Class="RimQuest.RimQuest_ModExtension">
          <canBeARimQuest>false</canBeARimQuest>
        </li>
      </value>
    </match>
  </Operation>

	<Operation Class="PatchOperationConditional">
    <xpath>/Defs/JobDef[defName="RQ_QuestWithPawn"]</xpath>
    <success>Always</success>
    <match Class="PatchOperationAddModExtension">
      <xpath>/Defs/IncidentDef[defName="NPC_Conquest"]</xpath>
      <value>
        <li Class="RimQuest.RimQuest_ModExtension">
          <canBeARimQuest>false</canBeARimQuest>
        </li>
      </value>
    </match>
  </Operation>

	<Operation Class="PatchOperationConditional">
    <xpath>/Defs/JobDef[defName="RQ_QuestWithPawn"]</xpath>
    <success>Always</success>
    <match Class="PatchOperationAddModExtension">
      <xpath>/Defs/IncidentDef[defName="NPC_Expansion"]</xpath>
      <value>
        <li Class="RimQuest.RimQuest_ModExtension">
          <canBeARimQuest>false</canBeARimQuest>
        </li>
      </value>
    </match>
  </Operation>

</Patch>
