<Defs>

  <GameConditionDef>
    <defName>GenerateHistory</defName>
    <conditionClass>DynamicDiplomacy.GameCondition_GenerateHistory</conditionClass>
    <label>History Generation</label>
    <description>Dynamic Diplomacy event will trigger in high frequency for 3 hours, creating a unique world. Will use distance-based conquest and diplomacy change regardless of the settings\n\nHistory Generation cause significant lag so recommendation is to wait for this to finish on 'World' screen before playing.</description>
    <endMessage>History generaton completed</endMessage>
    <canBePermanent>true</canBePermanent>
  </GameConditionDef>

</Defs>
